# DeltaT = TT - UT1, in seconds, derived from observed IERS Earth Orientation Parameters.
#
# source_url:     https://datacenter.iers.org/data/latestVersion/finals.all.iau2000.txt
# http_status:    200
# retrieved_utc:  2026-08-01T13:23:52Z
# source_bytes:   3758308
# source_sha256:  4b828090fc94114168014b61439fa5e6ec0bdfda518075a32baffea90110954d
#
# derivation:     deltaT = 32.184 + (TAI - UTC) - (UT1 - UTC)
#                 UT1-UTC is Bulletin A, fixed columns 59-68 (1-based); its I/P quality
#                 flag is column 58. TAI-UTC is the IERS leap-second table, 10 s at
#                 1972-01-01 rising in 1 s steps to 37 s at 2017-01-01 (28 entries).
#                 Because the leap second is applied at each row's own date, the
#                 resulting deltaT series is smooth across leap-second epochs; the
#                 1 s staircase in UT1-UTC cancels exactly.
#
# sampling:       one row per calendar month (the earliest available day in that month),
#                 plus the exact first and last rows of the source. Linear interpolation
#                 between these nodes reproduces every one of the 19941 daily source
#                 values to max 0.0068 s / rms 0.0016 s -- 0.003 arcsec of lunar longitude.
#
# observed_through_mjd:  61251   (2026-07-30)  last IERS-determined (flag I) value
# predicted_through_mjd: 61624   (2027-08-07)  last IERS Bulletin A prediction (flag P)
# first_mjd:             41684   (1973-01-02)  finals.all begins here; there is no
#                                        IERS UT1 before this date in this file
#
# extrapolation_slope_s_per_yr: +0.02916
#   Least-squares slope of deltaT over the final 10 years of the OBSERVED record. Used to
#   anchor the post-record continuation. Window sensitivity, same fit:
#     last  5 yr: -0.03665 s/yr    last 10 yr: +0.02916 s/yr
#     last 15 yr: +0.18342 s/yr    last 20 yr: +0.23772 s/yr
#   Propagated to 2100 that spread is about +-10 s, which is the honest uncertainty of any
#   far-future deltaT and is why DeltaTQuality.EXTRAPOLATED exists.
#
# columns: mjd,deltat_seconds
41684,43.375582
41714,43.472437
41742,43.564835
41773,43.673686
41803,43.778216
41834,43.876327
41864,43.956244
41895,44.031496
41926,44.113179
41956,44.198219
41987,44.295175
42017,44.393647
42048,44.484056
42079,44.564633
42107,44.642510
42138,44.738577
42168,44.837013
42199,44.930214
42229,44.998615
42260,45.058355
42291,45.128391
42321,45.206383
42352,45.298007
42382,45.389702
42413,45.476138
42444,45.563249
42472,45.645019
42503,45.737459
42533,45.828372
42564,45.913298
42594,45.981970
42625,46.040748
42656,46.106708
42686,46.182504
42717,46.278856
42747,46.371335
42778,46.456721
42809,46.544486
42838,46.631090
42869,46.730223
42899,46.828359
42930,46.924744
42960,46.996976
42991,47.070915
43022,47.145052
43052,47.236154
43083,47.341324
43113,47.431936
43144,47.521381
43175,47.604931
43203,47.683739
43234,47.778138
43264,47.877076
43295,47.968710
43325,48.034826
43356,48.094202
43387,48.160820
43417,48.246003
43448,48.343853
43478,48.435540
43509,48.534416
43540,48.632451
43568,48.729372
43599,48.836541
43629,48.935323
43660,49.031878
43690,49.101320
43721,49.159084
43752,49.228553
43782,49.306968
43813,49.401794
43843,49.494526
43874,49.586149
43905,49.680491
43933,49.760226
43964,49.855580
43994,49.948922
44025,50.034678
44055,50.101853
44086,50.162172
44117,50.226001
44147,50.296791
44178,50.383125
44208,50.459877
44239,50.538707
44270,50.616048
44299,50.686594
44330,50.765836
44360,50.845370
44391,50.918672
44421,50.976115
44452,51.027802
44483,51.084323
44513,51.153793
44544,51.231865
44574,51.306308
44605,51.380785
44636,51.452629
44664,51.516039
44695,51.598548
44725,51.680924
44756,51.757285
44786,51.813333
44817,51.853238
44848,51.901436
44878,51.960343
44909,52.032807
44939,52.098496
44970,52.166783
45001,52.231642
45029,52.293838
45060,52.367990
45090,52.446522
45121,52.517955
45151,52.575148
45182,52.617801
45213,52.666816
45243,52.734004
45274,52.805579
45304,52.879219
45335,52.956484
45366,53.044497
45394,53.126769
45425,53.219675
45455,53.302414
45486,53.374664
45516,53.433540
45547,53.477801
45578,53.529994
45608,53.584539
45639,53.652263
45669,53.725584
45700,53.788242
45731,53.836662
45760,53.882966
45791,53.944290
45821,54.004248
45852,54.053634
45882,54.085644
45913,54.108412
45944,54.146294
45974,54.191399
46005,54.245202
46035,54.295762
46066,54.342702
46097,54.391086
46125,54.431988
46156,54.489770
46186,54.545636
46217,54.597741
46247,54.635496
46278,54.653235
46309,54.677594
46339,54.717364
46370,54.774096
46400,54.825302
46431,54.871251
46462,54.916146
46490,54.958053
46521,54.999719
46551,55.047571
46582,55.091178
46612,55.113239
46643,55.132774
46674,55.153242
46704,55.189800
46735,55.241553
46765,55.283803
46796,55.322210
46827,55.361268
46855,55.406262
46886,55.462872
46916,55.511091
46947,55.552378
46977,55.581188
47008,55.600437
47039,55.626202
47069,55.665627
47100,55.716800
47130,55.769810
47161,55.819661
47192,55.861503
47221,55.912988
47252,55.966347
47282,56.022010
47313,56.070001
47343,56.093903
47374,56.110463
47405,56.131374
47435,56.161084
47466,56.206843
47496,56.258250
47527,56.300035
47558,56.339902
47586,56.378999
47617,56.428284
47647,56.480395
47678,56.535216
47708,56.569749
47739,56.598310
47770,56.632833
47800,56.673881
47831,56.733212
47861,56.797160
47892,56.855270
47923,56.911138
47951,56.975472
47982,57.047077
48012,57.113613
48043,57.173831
48073,57.222607
48104,57.259731
48135,57.307274
48165,57.364337
48196,57.433428
48226,57.501575
48257,57.565313
48288,57.633340
48316,57.697284
48347,57.771077
48377,57.840743
48408,57.905780
48438,57.957566
48469,57.997493
48500,58.042552
48530,58.104332
48561,58.167913
48591,58.238909
48622,58.309166
48653,58.383302
48682,58.453675
48713,58.540144
48743,58.622771
48774,58.691666
48804,58.740963
48835,58.783619
48866,58.840554
48896,58.898579
48927,58.971368
48957,59.043837
48988,59.121841
49019,59.200269
49047,59.274737
49078,59.357413
49108,59.443383
49139,59.524242
49169,59.584979
49200,59.634350
49231,59.692783
49261,59.758805
49292,59.838645
49322,59.911057
49353,59.984454
49384,60.056435
49412,60.123065
49443,60.204218
49473,60.280375
49504,60.353035
49534,60.401189
49565,60.443996
49596,60.490026
49626,60.557805
49657,60.632445
49687,60.705857
49718,60.785348
49749,60.866350
49777,60.938667
49808,61.027676
49838,61.110345
49869,61.187046
49899,61.245389
49930,61.288102
49961,61.337780
49991,61.403616
50022,61.476037
50052,61.552460
50083,61.628659
50114,61.684582
50143,61.743306
50174,61.813242
50204,61.882320
50235,61.949676
50265,61.996874
50296,62.034294
50327,62.071411
50357,62.120231
50388,62.180951
50418,62.238205
50449,62.295049
50480,62.350648
50508,62.399538
50539,62.475395
50569,62.546309
50600,62.613603
50630,62.657074
50661,62.694174
50692,62.738327
50722,62.792630
50753,62.856699
50783,62.914561
50814,62.965869
50845,63.021663
50873,63.080705
50904,63.146172
50934,63.205295
50965,63.259944
50995,63.284409
51026,63.296137
51057,63.312609
51087,63.342162
51118,63.387130
51148,63.433930
51179,63.467337
51210,63.497864
51238,63.531933
51269,63.567944
51299,63.610443
51330,63.644429
51360,63.664181
51391,63.673940
51422,63.692603
51452,63.714707
51483,63.751805
51513,63.792717
51544,63.828522
51575,63.855687
51604,63.880385
51635,63.907502
51665,63.939279
51696,63.969074
51726,63.979860
51757,63.983308
51788,63.993801
51818,64.009338
51849,64.039962
51879,64.067043
51910,64.090788
51941,64.106808
51969,64.128213
52000,64.158421
52030,64.183272
52061,64.209397
52091,64.211663
52122,64.207317
52153,64.211557
52183,64.222286
52214,64.249962
52244,64.276097
52275,64.299804
52306,64.319186
52334,64.345013
52365,64.373458
52395,64.394329
52426,64.415116
52456,64.413206
52487,64.411846
52518,64.409654
52548,64.416783
52579,64.432920
52609,64.451053
52640,64.473428
52671,64.489338
52699,64.505334
52730,64.526919
52760,64.547094
52791,64.559673
52821,64.551229
52852,64.537091
52883,64.535947
52913,64.541495
52944,64.554363
52974,64.565430
53005,64.573611
53036,64.589114
53065,64.601476
53096,64.617615
53126,64.637440
53157,64.654867
53187,64.653002
53218,64.637927
53249,64.637161
53279,64.639961
53310,64.654315
53340,64.672316
53371,64.687631
53402,64.705191
53430,64.731343
53461,64.757531
53491,64.781114
53522,64.800093
53552,64.799456
53583,64.787642
53614,64.783095
53644,64.792060
53675,64.809642
53705,64.831089
53736,64.845183
53767,64.859701
53795,64.884993
53826,64.917499
53856,64.948030
53887,64.979388
53917,64.989477
53948,65.002815
53979,65.013819
54009,65.037143
54040,65.077260
54070,65.112197
54101,65.146403
54132,65.183264
54160,65.214536
54191,65.249371
54221,65.292064
54252,65.327940
54282,65.341337
54313,65.345188
54344,65.349640
54374,65.371131
54405,65.397200
54435,65.429555
54466,65.457349
54497,65.486752
54526,65.515201
54557,65.544992
54587,65.578077
54618,65.612728
54648,65.628750
54679,65.637009
54710,65.649338
54740,65.675993
54771,65.709697
54801,65.746092
54832,65.776836
54863,65.802461
54891,65.823669
54922,65.859504
54952,65.897301
54983,65.932291
55013,65.950911
55044,65.953411
55075,65.962833
55105,65.983865
55136,66.014673
55166,66.042049
55197,66.069922
55228,66.096134
55256,66.131012
55287,66.168271
55317,66.207163
55348,66.235585
55378,66.240855
55409,66.233542
55440,66.234911
55470,66.244109
55501,66.275112
55531,66.305433
55562,66.324557
55593,66.340571
55621,66.362443
55652,66.395710
55682,66.428903
55713,66.461867
55743,66.474884
55774,66.475128
55805,66.482868
55835,66.505617
55866,66.538291
55896,66.570563
55927,66.603020
55958,66.633969
55987,66.656912
56018,66.692501
56048,66.728873
56079,66.757872
56109,66.770763
56140,66.774043
56171,66.784629
56201,66.810324
56232,66.840048
56262,66.877860
56293,66.906909
56324,66.944259
56352,66.976251
56383,67.025813
56413,67.071629
56444,67.110018
56474,67.126640
56505,67.133139
56536,67.145797
56566,67.171740
56597,67.209107
56627,67.245981
56658,67.281038
56689,67.313645
56717,67.345697
56748,67.389003
56778,67.431843
56809,67.466621
56839,67.485846
56870,67.498915
56901,67.511094
56931,67.535266
56962,67.571103
56992,67.607025
57023,67.643917
57054,67.676527
57082,67.711669
57113,67.759063
57143,67.801154
57174,67.840213
57204,67.860632
57235,67.882158
57266,67.912010
57296,67.954646
57327,68.005484
57357,68.051412
57388,68.102420
57419,68.157713
57448,68.204365
57479,68.266451
57509,68.318817
57540,68.370356
57570,68.396436
57601,68.409447
57632,68.430461
57662,68.462979
57693,68.507818
57723,68.553702
57754,68.592718
57785,68.629811
57813,68.667063
57844,68.713521
57874,68.762276
57905,68.803284
57935,68.824484
57966,68.837343
57997,68.847693
58027,68.868857
58058,68.900581
58088,68.935500
58119,68.967642
58150,68.987535
58178,69.017553
58209,69.049908
58239,69.082343
58270,69.107003
58300,69.113403
58331,69.114190
58362,69.120720
58392,69.135558
58423,69.164590
58453,69.196423
58484,69.220163
58515,69.245156
58543,69.273276
58574,69.303198
58604,69.332567
58635,69.354051
58665,69.358172
58696,69.344159
58727,69.337633
58757,69.337742
58788,69.343219
58818,69.354014
58849,69.361155
58880,69.375170
58909,69.388990
58940,69.409164
58970,69.426466
59001,69.438633
59031,69.424133
59062,69.392124
59093,69.369342
59123,69.357478
59154,69.359324
59184,69.363024
59215,69.359361
59246,69.351014
59274,69.353804
59305,69.358221
59335,69.367315
59366,69.367878
59396,69.351433
59427,69.327347
59458,69.303342
59488,69.289242
59519,69.288058
59549,69.290811
59580,69.294499
59611,69.291395
59639,69.286140
59670,69.283515
59700,69.281568
59731,69.279895
59761,69.252659
59792,69.221348
59823,69.197468
59853,69.189058
59884,69.194193
59914,69.203590
59945,69.203868
59976,69.198626
60004,69.199285
60035,69.208356
60065,69.218261
60096,69.230022
60126,69.220142
60157,69.198787
60188,69.181414
60218,69.172289
60249,69.172676
60279,69.172432
60310,69.175216
60341,69.179733
60370,69.187356
60401,69.198281
60431,69.201821
60462,69.204440
60492,69.187885
60523,69.158794
60554,69.132170
60584,69.124980
60615,69.130377
60645,69.134475
60676,69.137733
60707,69.136553
60735,69.138364
60766,69.147075
60796,69.154217
60827,69.155013
60857,69.140584
60888,69.121865
60919,69.099420
60949,69.090918
60980,69.090877
61010,69.104179
61041,69.109932
61072,69.113336
61100,69.116795
61131,69.133032
61161,69.151078
61192,69.166234
61222,69.169484
61253,69.171316
61284,69.180501
61314,69.198607
61345,69.217161
61375,69.234805
61406,69.247300
61437,69.252175
61465,69.258354
61496,69.275245
61526,69.293850
61557,69.293471
61587,69.271373
61618,69.241906
61624,69.239965
