2488069.500000000,157.4116060
2488070.500000000,171.4464627
2488071.500000000,185.5151149
2488072.500000000,199.6041286
2488073.500000000,213.7001598
2488074.500000000,227.7822561
2488075.500000000,241.8164145
2488076.500000000,255.7544677
2488077.500000000,269.5381501
2488078.500000000,283.1074847
2488079.500000000,296.4110867
2488080.500000000,309.4154152
2488081.500000000,322.1107060
2488082.500000000,334.5127967
2488083.500000000,346.6614326
2488084.500000000,358.6163309
2488085.500000000,10.4522421
2488086.500000000,22.2537935
2488087.500000000,34.1103633
2488088.500000000,46.1108321
2488089.500000000,58.3378738
2488090.500000000,70.8615406
2488091.500000000,83.7322819
2488092.500000000,96.9742131
2488093.500000000,110.5802187
2488094.500000000,124.5109017
2488095.500000000,138.6989261
2488096.500000000,153.0587067
2488097.500000000,167.4992747
2488098.500000000,181.9367331
2488099.500000000,196.3029509
2488100.500000000,210.5488557
2488101.500000000,224.6427620
2488102.500000000,238.5655752
2488103.500000000,252.3051123
2488104.500000000,265.8514084
2488105.500000000,279.1941440
2488106.500000000,292.3225217
2488107.500000000,305.2272184
2488108.500000000,317.9035818
2488109.500000000,330.3550828
2488110.500000000,342.5961850
2488111.500000000,354.6541274
2488112.500000000,6.5694742
2488113.500000000,18.3955433
2488114.500000000,30.1969147
2488115.500000000,42.0471602
2488116.500000000,54.0257888
2488117.500000000,66.2142267
2488118.500000000,78.6905420
2488119.500000000,91.5226693
2488120.500000000,104.7602064
2488121.500000000,118.4255297
2488122.500000000,132.5059297
2488123.500000000,146.9493188
2488124.500000000,161.6661268
2488125.500000000,176.5386703
2488126.500000000,191.4367302
2488127.500000000,206.2355153
2488128.500000000,220.8311787
2488129.500000000,235.1502321
2488130.500000000,249.1517446
2488131.500000000,262.8236335
2488132.500000000,276.1755999
2488133.500000000,289.2312516
2488134.500000000,302.0212191
2488135.500000000,314.5781917
2488136.500000000,326.9341011
2488137.500000000,339.1192500
2488138.500000000,351.1629527
2488139.500000000,3.0951689
2488140.500000000,14.9486097
2488141.500000000,26.7608467
2488142.500000000,38.5760349
2488143.500000000,50.4459480
2488144.500000000,62.4300761
2488145.500000000,74.5945457
2488146.500000000,87.0095740
2488147.500000000,99.7451111
2488148.500000000,112.8643180
2488149.500000000,126.4147464
2488150.500000000,140.4176816
2488151.500000000,154.8572281
2488152.500000000,169.6721583
2488153.500000000,184.7545746
2488154.500000000,199.9587991
2488155.500000000,215.1207473
2488156.500000000,230.0833030
2488157.500000000,244.7198655
2488158.500000000,258.9489766
2488159.500000000,272.7373247
2488160.500000000,286.0932348
2488161.500000000,299.0551673
2488162.500000000,311.6794541
2488163.500000000,324.0298640
2488164.500000000,336.1699918
2488165.500000000,348.1584789
2488166.500000000,0.0466661
2488167.500000000,11.8781994
2488168.500000000,23.6901479
2488169.500000000,35.5152179
2488170.500000000,47.3846364
2488171.500000000,59.3312353
2488172.500000000,71.3922383
2488173.500000000,83.6112380
2488174.500000000,96.0388605
2488175.500000000,108.7316120
2488176.500000000,121.7483845
2488177.500000000,135.1441145
2488178.500000000,148.9602955
2488179.500000000,163.2127135
2488180.500000000,177.8781876
2488181.500000000,192.8841610
2488182.500000000,208.1066767
2488183.500000000,223.3815466
2488184.500000000,238.5288588
2488185.500000000,253.3840327
2488186.500000000,267.8245104
2488187.500000000,281.7835687
2488188.500000000,295.2496670
2488189.500000000,308.2557038
2488190.500000000,320.8643467
2488191.500000000,333.1540635
2488192.500000000,345.2080362
2488193.500000000,357.1063396
2488194.500000000,8.9209390
2488195.500000000,20.7129133
2488196.500000000,32.5314590
2488197.500000000,44.4144271
2488198.500000000,56.3902366
2488199.500000000,68.4809580
2488200.500000000,80.7061875
2488201.500000000,93.0871123
2488202.500000000,105.6499916
2488203.500000000,118.4281976
2488204.500000000,131.4619902
2488205.500000000,144.7952979
2488206.500000000,158.4689821
2488207.500000000,172.5105079
2488208.500000000,186.9209332
2488209.500000000,201.6618573
2488210.500000000,216.6470578
2488211.500000000,231.7444982
2488212.500000000,246.7920842
2488213.500000000,261.6245814
2488214.500000000,276.1028455
2488215.500000000,290.1350481
2488216.500000000,303.6842722
2488217.500000000,316.7636563
2488218.500000000,329.4243564
2488219.500000000,341.7417200
2488220.500000000,353.8030156
2488221.500000000,5.6979210
2488222.500000000,17.5116678
2488223.500000000,29.3202854
2488224.500000000,41.1874417
2488225.500000000,53.1626463
2488226.500000000,65.2808551
2488227.500000000,77.5636427
2488228.500000000,90.0220207
2488229.500000000,102.6606603
2488230.500000000,115.4828297
2488231.500000000,128.4949612
2488232.500000000,141.7095907
2488233.500000000,155.1455303
2488234.500000000,168.8245257
2488235.500000000,182.7642482
2488236.500000000,196.9683359
2488237.500000000,211.4154049
2488238.500000000,226.0503474
2488239.500000000,240.7820843
2488240.500000000,255.4909995
2488241.500000000,270.0459080
2488242.500000000,284.3259230
2488243.500000000,298.2400348
2488244.500000000,311.7386055
2488245.500000000,324.8151459
2488246.500000000,337.5005907
2488247.500000000,349.8538230
2488248.500000000,1.9516244
2488249.500000000,13.8798048
2488250.500000000,25.7260231
2488251.500000000,37.5741057
2488252.500000000,49.4994689
2488253.500000000,61.5653653
2488254.500000000,73.8199597
2488255.500000000,86.2945397
2488256.500000000,99.0033455
2488257.500000000,111.9454214
2488258.500000000,125.1084735
2488259.500000000,138.4740712
2488260.500000000,152.0229170
2488261.500000000,165.7386463
2488262.500000000,179.6088942
2488263.500000000,193.6230887
2488264.500000000,207.7674039
2488265.500000000,222.0182725
2488266.500000000,236.3366140
2488267.500000000,250.6651923
2488268.500000000,264.9309352
2488269.500000000,279.0525213
2488270.500000000,292.9515387
2488271.500000000,306.5640845
2488272.500000000,319.8496499
2488273.500000000,332.7954829
2488274.500000000,345.4164038
2488275.500000000,357.7513104
2488276.500000000,9.8579679
2488277.500000000,21.8073598
2488278.500000000,33.6783071
2488279.500000000,45.5525462
2488280.500000000,57.5101471
2488281.500000000,69.6250478
2488282.500000000,81.9605764
2488283.500000000,94.5650722
2488284.500000000,107.4680553
2488285.500000000,120.6776926
2488286.500000000,134.1804001
2488287.500000000,147.9431211
2488288.500000000,161.9181430
2488289.500000000,176.0494823
2488290.500000000,190.2793121
2488291.500000000,204.5529347
2488292.500000000,218.8214072
2488293.500000000,233.0418076
2488294.500000000,247.1758888
2488295.500000000,261.1882572
2488296.500000000,275.0451643
2488297.500000000,288.7146103
2488298.500000000,302.1678973
2488299.500000000,315.3822542
2488300.500000000,328.3438429
2488301.500000000,341.0504228
2488302.500000000,353.5131443
2488303.500000000,5.7572365
2488304.500000000,17.8216231
2488305.500000000,29.7576544
2488306.500000000,41.6271752
2488307.500000000,53.5000792
2488308.500000000,65.4513736
2488309.500000000,77.5576508
2488310.500000000,89.8927811
2488311.500000000,102.5226547
2488312.500000000,115.4989805
2488313.500000000,128.8525303
2488314.500000000,142.5867868
2488315.500000000,156.6735532
2488316.500000000,171.0523787
2488317.500000000,185.6352369
2488318.500000000,200.3165707
2488319.500000000,214.9869249
2488320.500000000,229.5468569
2488321.500000000,243.9175976
2488322.500000000,258.0462412
2488323.500000000,271.9053063
2488324.500000000,285.4882124
2488325.500000000,298.8029025
2488326.500000000,311.8656018
2488327.500000000,324.6960046
2488328.500000000,337.3144409
2488329.500000000,349.7410133
2488330.500000000,1.9963351
2488331.500000000,14.1033202
2488332.500000000,26.0894239
2488333.500000000,37.9887951
2488334.500000000,49.8439198
2488335.500000000,61.7064743
2488336.500000000,73.6372113
2488337.500000000,85.7047315
2488338.500000000,97.9829428
2488339.500000000,110.5469055
2488340.500000000,123.4666881
2488341.500000000,136.7989524
2488342.500000000,150.5764558
2488343.500000000,164.7966979
2488344.500000000,179.4124965
2488345.500000000,194.3287006
2488346.500000000,209.4091320
2488347.500000000,224.4948962
2488348.500000000,239.4300197
2488349.500000000,254.0861988
2488350.500000000,268.3787132
2488351.500000000,282.2701635
2488352.500000000,295.7640473
2488353.500000000,308.8929609
2488354.500000000,321.7059710
2488355.500000000,334.2579606
2488356.500000000,346.6020624
2488357.500000000,358.7852414
2488358.500000000,10.8466397
2488359.500000000,22.8181537
2488360.500000000,34.7266796
2488361.500000000,46.5974250
2488362.500000000,58.4576580
2488363.500000000,70.3402743
2488364.500000000,82.2866350
2488365.500000000,94.3482255
2488366.500000000,106.5867646
2488367.500000000,119.0723809
2488368.500000000,131.8793732
2488369.500000000,145.0789473
2488370.500000000,158.7284135
2488371.500000000,172.8570061
2488372.500000000,187.4501854
2488373.500000000,202.4369601
2488374.500000000,217.6870841
2488375.500000000,233.0241206
2488376.500000000,248.2542817
2488377.500000000,263.2021776
2488378.500000000,277.7400698
2488379.500000000,291.8012161
2488380.500000000,305.3767668
2488381.500000000,318.5022640
2488382.500000000,331.2409670
2488383.500000000,343.6688642
2488384.500000000,355.8633488
2488385.500000000,7.8957031
2488386.500000000,19.8268158
2488387.500000000,31.7054977
2488388.500000000,43.5689170
2488389.500000000,55.4447866
2488390.500000000,67.3549170
2488391.500000000,79.3196272
2488392.500000000,91.3623578
2488393.500000000,103.5137534
2488394.500000000,115.8144925
2488395.500000000,128.3162149
2488396.500000000,141.0799441
2488397.500000000,154.1713835
2488398.500000000,167.6524677
2488399.500000000,181.5688534
2488400.500000000,195.9341143
2488401.500000000,210.7136292
2488402.500000000,225.8140739
2488403.500000000,241.0859011
2488404.500000000,256.3431420
2488405.500000000,271.3967407
2488406.500000000,286.0895227
2488407.500000000,300.3198651
2488408.500000000,314.0481667
2488409.500000000,327.2889440
2488410.500000000,340.0956777
2488411.500000000,352.5447835
2488412.500000000,4.7221849
2488413.500000000,16.7134621
2488414.500000000,28.5972404
2488415.500000000,40.4411354
2488416.500000000,52.2997107
2488417.500000000,64.2141634
2488418.500000000,76.2136246
2488419.500000000,88.3179628
2488420.500000000,100.5417966
2488421.500000000,112.8991499
2488422.500000000,125.4079261
2488423.500000000,138.0932546
2488424.500000000,150.9887857
2488425.500000000,164.1351560
2488426.500000000,177.5750581
2488427.500000000,191.3447033
2488428.500000000,205.4621694
2488429.500000000,219.9144247
2488430.500000000,234.6466370
2488431.500000000,249.5587779
2488432.500000000,264.5137957
2488433.500000000,279.3576033
